{"IcoMoonType":"selection","icons":[{"icon":{"paths":["M358.4 102.4h307.2v307.2h-307.2v-307.2z","M512 409.6v102.4","M512 512l-307.2 122.88","M512 512l307.2 122.88","M51.2 614.4h307.2v307.2h-307.2v-307.2z","M665.6 614.4h307.2v307.2h-307.2v-307.2z"],"attrs":[{"fill":"rgb(0, 128, 0)"},{"fill":"rgb(0, 0, 0)","stroke":"rgb(0, 128, 0)","strokeLinejoin":"miter","strokeLinecap":"butt","strokeMiterlimit":"4","strokeWidth":20.48},{"fill":"rgb(0, 0, 0)","stroke":"rgb(0, 128, 0)","strokeLinejoin":"miter","strokeLinecap":"butt","strokeMiterlimit":"4","strokeWidth":20.48},{"fill":"rgb(0, 0, 0)","stroke":"rgb(0, 128, 0)","strokeLinejoin":"miter","strokeLinecap":"butt","strokeMiterlimit":"4","strokeWidth":20.48},{"fill":"rgb(0, 128, 0)"},{"fill":"rgb(0, 128, 0)"}],"isMulticolor":true,"isMulticolor2":true,"grid":0,"tags":["data_connection"],"colorPermutations":{"112801211211211125599711":[{"f":1},{"f":0,"s":1},{"f":0,"s":1},{"f":0,"s":1},{"f":1},{"f":1}]}},"attrs":[{"fill":"rgb(0, 128, 0)"},{"fill":"rgb(0, 0, 0)","stroke":"rgb(0, 128, 0)","strokeLinejoin":"miter","strokeLinecap":"butt","strokeMiterlimit":"4","strokeWidth":20.48},{"fill":"rgb(0, 0, 0)","stroke":"rgb(0, 128, 0)","strokeLinejoin":"miter","strokeLinecap":"butt","strokeMiterlimit":"4","strokeWidth":20.48},{"fill":"rgb(0, 0, 0)","stroke":"rgb(0, 128, 0)","strokeLinejoin":"miter","strokeLinecap":"butt","strokeMiterlimit":"4","strokeWidth":20.48},{"fill":"rgb(0, 128, 0)"},{"fill":"rgb(0, 128, 0)"}],"properties":{"order":2,"id":2,"name":"data_connection","prevSize":32,"code":9654,"codes":[9654,9655,9656,9657,9658,9659]},"setIdx":0,"setId":2,"iconIdx":0},{"icon":{"paths":["M512 102.4l409.6 204.8v409.6l-409.6 204.8-409.6-204.8v-409.6z","M512 102.4v819.2"],"attrs":[{"fill":"rgb(211, 211, 211)","strokeLinejoin":"miter","strokeLinecap":"butt","strokeMiterlimit":"4","strokeWidth":20.48},{"fill":"rgb(0, 0, 0)","strokeLinejoin":"miter","strokeLinecap":"butt","strokeMiterlimit":"4","strokeWidth":30.72}],"isMulticolor":true,"isMulticolor2":false,"grid":0,"tags":["port_connection"],"colorPermutations":{"112801211211211125599711":[{"f":3,"s":0},{"f":0,"s":0}]}},"attrs":[{"fill":"rgb(211, 211, 211)","strokeLinejoin":"miter","strokeLinecap":"butt","strokeMiterlimit":"4","strokeWidth":20.48},{"fill":"rgb(0, 0, 0)","strokeLinejoin":"miter","strokeLinecap":"butt","strokeMiterlimit":"4","strokeWidth":30.72}],"properties":{"order":3,"id":1,"name":"port_connection","prevSize":32,"code":9635,"codes":[9635,9636]},"setIdx":0,"setId":2,"iconIdx":1},{"icon":{"paths":["M512 0l-204.8 614.4 307.2-102.4-204.8 512z"],"attrs":[{"fill":"rgb(255, 99, 71)"}],"isMulticolor":false,"isMulticolor2":false,"grid":0,"tags":["power_connection"],"colorPermutations":{"112801211211211125599711":[{"f":2}]}},"attrs":[{"fill":"rgb(255, 99, 71)"}],"properties":{"order":4,"id":0,"name":"power_connection","prevSize":32,"code":9673},"setIdx":0,"setId":2,"iconIdx":2}],"height":1024,"metadata":{"name":"icomoon"},"preferences":{"showGlyphs":true,"showQuickUse":true,"showQuickUse2":true,"showSVGs":true,"fontPref":{"prefix":"ic-icon-","metadata":{"fontFamily":"icomoon","majorVersion":1,"minorVersion":0},"metrics":{"emSize":1024,"baseline":6.25,"whitespace":50},"embed":false,"noie8":true,"ie7":false,"showSelector":true,"selector":"","classSelector":".ic10-icon","showMetrics":false,"showMetadata":false,"showVersion":true,"cssVars":true,"cssVarsFormat":"scss","includeMetadata":true},"imagePref":{"prefix":"icon-","png":true,"useClassSelector":true,"color":0,"bgColor":16777215,"classSelector":".icon"},"historySize":50,"showCodes":true,"gridSize":16}}