{"IcoMoonType":"selection","icons":[{"icon":{"paths":["M358.4 102.4h307.2v307.2h-307.2zM512 409.6v102.4M512 512l-307.2 122.88M512 512l307.2 122.88M51.2 614.4h307.2v307.2h-307.2zM665.6 614.4h307.2v307.2h-307.2z"],"attrs":[{"fill":"rgb(0, 128, 0)","stroke":"rgb(0, 128, 0)","strokeLinejoin":"miter","strokeLinecap":"butt","strokeMiterlimit":"4","strokeWidth":20.48}],"isMulticolor":false,"isMulticolor2":false,"grid":0,"tags":["data_connection"],"colorPermutations":{}},"attrs":[{"fill":"rgb(0, 128, 0)","stroke":"rgb(0, 128, 0)","strokeLinejoin":"miter","strokeLinecap":"butt","strokeMiterlimit":"4","strokeWidth":20.48}],"properties":{"order":17,"id":2,"name":"data_connection","prevSize":32,"code":59648},"setIdx":0,"setId":2,"iconIdx":0},{"icon":{"paths":["M512 102.4l409.6 204.8v409.6l-409.6 204.8-409.6-204.8v-409.6zM512 102.4v819.2"],"attrs":[{"fill":"rgb(211, 211, 211)","strokeLinejoin":"miter","strokeLinecap":"butt","strokeMiterlimit":"4","strokeWidth":20.48}],"isMulticolor":false,"isMulticolor2":false,"grid":0,"tags":["port_connection"],"colorPermutations":{}},"attrs":[{"fill":"rgb(211, 211, 211)","strokeLinejoin":"miter","strokeLinecap":"butt","strokeMiterlimit":"4","strokeWidth":20.48}],"properties":{"order":16,"id":1,"name":"port_connection","prevSize":32,"code":59649},"setIdx":0,"setId":2,"iconIdx":1},{"icon":{"paths":["M512 0l-204.8 614.4 307.2-102.4-204.8 512z"],"attrs":[{"fill":"rgb(255, 99, 71)"}],"isMulticolor":false,"isMulticolor2":false,"grid":0,"tags":["power_connection"],"colorPermutations":{}},"attrs":[{"fill":"rgb(255, 99, 71)"}],"properties":{"order":15,"id":0,"name":"power_connection","prevSize":32,"code":59650},"setIdx":0,"setId":2,"iconIdx":2}],"height":1024,"metadata":{"name":"icomoon"},"preferences":{"showGlyphs":true,"showQuickUse":true,"showQuickUse2":true,"showSVGs":true,"fontPref":{"prefix":"ic-icon-","metadata":{"fontFamily":"icomoon","majorVersion":1,"minorVersion":0},"metrics":{"emSize":1024,"baseline":6.25,"whitespace":50},"embed":false,"noie8":true,"ie7":false,"showSelector":true,"selector":"","classSelector":".ic10-icon","showMetrics":false,"showMetadata":false,"showVersion":true,"cssVars":false,"cssVarsFormat":"scss","includeMetadata":true,"addZero":false},"imagePref":{"prefix":"icon-","png":true,"useClassSelector":true,"color":0,"bgColor":16777215,"classSelector":".icon"},"historySize":50,"showCodes":true,"gridSize":16,"showGrid":false,"showLiga":true}}